{
    "point_cloud_path": [   
        "ply_17-53-08.ply",     
        "ply_17-57-59.ply",
        "ply_18-00-08.ply",
        "ply_18-01-47.ply"
    ],
    "flange_pose_quaternion": [        
            [0.21294, -1.217, 0.2407, 0.96573, 0.055181, 0.064927, -0.24516],
            [0.11629, -0.58312, 0.3248, 0.96761, 0.051781, 0.0044915, 0.24704],
            [0.48012, -0.91888, 0.16725, 0.74795, -0.59909, -0.20318, 0.20092],
            [-0.092833, -0.96088, 0.23142, 0.7254, -0.6193, 0.18758, -0.23468]
    ],
    "cam2flange_mat": [        
            [ 0.99999029, -0.00128013, -0.00421694, 0.04276642],
            [ 0.00131032,  0.99997347,  0.0071655, 0.00746442],
            [ 0.00420766, -0.00717095,  0.99996544, 0.12969032],
            [ 0.0,         0.0,        0.0,        1.0    ]
    ],
    "reference_frame_idx": 0

} 
