{
    "point_cloud_path": [        
        "pc1.ply",
        "pc2.ply",
        "pc3.ply",
        "pc4.ply",
        "pc5.ply",
        "pc6.ply",
        "pc7.ply",
        "pc8.ply",
        "pc9.ply",
        "pc10.ply",
        "pc11.ply",
        "pc12.ply",
        "pc13.ply",
        "pc14.ply",
        "pc15.ply",
        "pc16.ply",
        "pc17.ply",
        "pc18.ply"
    ],
    "ext_mat": [        
            [-0.9913764596,-0.0054370649,0.1309320778, 0.0699977651],
            [-0.0050541167, 0.9999819398,0.0032569151, -0.0516049005],
            [-0.1309474111, 0.0025670829, -0.9913859963, 0.5120770335],
            [ 0.0,         0.0,         0.0,        1.0       ]
    ],
    "flange_pose_euler": [        
            [ 0.560,    -0.552943, -0.198147, -9.108407,   59.854633, -171.260529],
            [ 0.51264,  -0.552946, -0.198146, -9.396053,   59.876472, -172.154968],
            [ 0.636301, -0.588747,  0.023077,   0.455217,  76.522034, -162.907928],
            [ 0.546445, -0.588382,  0.396020,  167.31134,  57.085415,    3.555131],
            [ 0.299361, -0.650868,  0.75175,   171.392456, 17.151775,    3.948499],
            [-0.196021, -0.712513,  0.699183,  175.840103,-26.741117,    2.320763],
            [-0.417791, -0.749043,  0.440834,  173.962875,-54.627796,    3.582026],
            [-0.438265, -0.743255,  0.093368,  11.894953, -82.042412,  164.85141],
            [-0.531702, -0.927161,  0.093368,  22.558327, -85.22438,   152.20134],
            [-0.531702, -0.927161,  0.093368,  55.562248, -86.952477,  111.414001],
            [-0.323454, -0.927161,  0.432907, 169.065979, -49.27467,    -0.372792],
            [-0.323457, -0.92716,   0.434557,-173.765839, -47.560234,   -6.410454],
            [-0.355068, -1.166869,  0.442205,-178.233124, -51.79631,    -3.213783],
            [ 0.066938, -1.121989,  0.738994, 179.493011,  -7.244318,   -2.003121],
            [ 0.066936, -0.925984,  0.781915, 179.492569,  -7.244552,   -2.003206],
            [ 0.484388, -0.962337,  0.676793,-175.740234,  30.199112,   13.985029],
            [ 0.484391, -1.046312,  0.676793, 164.279556,  30.993244,    0.692382],
            [ 0.599679, -0.750133, -0.001445,   5.80766,   74.256248, -138.819321]
    ],
    "cam2flange_mat": [        
            [-0.00374687,  0.999936,   0.0106355,  0.00151558],
            [-0.989383,   -0.0021617, -0.145318,   0.0795859],
            [-0.145286,   -0.011067,   0.989328,   0.194249],
            [ 0.0,         0.0,        0.0,        1.0    ]
    ],
    "reference_frame_idx": 0

} 
