{
    "point_cloud_path": [        
        "pc1.ply",
        "pc2.ply",
        "pc3.ply",
        "pc4.ply",
        "pc5.ply",
        "pc6.ply",
        "pc7.ply",
        "pc8.ply"
    ],
    "ext_mat": [        
            [-0.9913764596,-0.0054370649,0.1309320778, 0.0699977651],
            [-0.0050541167, 0.9999819398,0.0032569151, -0.0516049005],
            [-0.1309474111, 0.0025670829, -0.9913859963, 0.5120770335],
            [ 0.0,         0.0,         0.0,        1.0       ]
    ],
    "flange_pose_euler": [        
            [ 0.560,    -0.552943, -0.198147, -9.108407,   59.854633, -171.260529],
            [ 0.51264,  -0.552946, -0.198146, -9.396053,   59.876472, -172.154968],
            [ 0.636301, -0.588747,  0.023077,   0.455217,  76.522034, -162.907928],
            [ 0.546445, -0.588382,  0.396020,  167.31134,  57.085415,  3.555131],
            [ 0.299361, -0.650868,  0.75175,   171.392456, 17.151775,  3.948499],
            [-0.196021, -0.712513,  0.699183,  175.840103,-26.741117,  2.320763],
            [-0.417791, -0.749043,  0.440834,  173.962875,-54.627796,  3.582026],
            [-0.438265, -0.743255,  0.093368,  11.894953, -82.042412,164.85141]
    ],
    "cam2flange_mat": [        
            [-0.00374687,  0.999936,   0.0106355,  0.00151558],
            [-0.989383,   -0.0021617, -0.145318,   0.0795859],
            [-0.145286,   -0.011067,   0.989328,   0.194249],
            [ 0.0,         0.0,        0.0,        1.0    ]
    ],
    "reference_frame_idx": 0

} 
