{
    "point_cloud_path": [
        "inspected_res_pose_0.ply",
        "inspected_res_pose_1.ply",
        "inspected_res_pose_2.ply",
        "inspected_res_pose_3.ply"
    ],
    "camera_pose": [
        [0.17271356637715712, 0.04440748038646454, 0.5063108484098611, 0.7235178386984038, -0.6770988880127218, -0.09813414631129179, -0.09180807298315642],
        [0.17537017339102515, 0.20900221402215122, 0.5063022295282962, 0.824390242698649, -0.5498294081277434, -0.11182823491361638, -0.07458415097903351],
        [0.13677724535566665, 0.37822501074198916, 0.5062922300184117, 0.976239534075881, -0.16996476899299195, -0.13242653552402062, -0.02305563049606791],
        [0.0835378037847747, 0.24580574508135355, 0.5061622321703867, 0.9431730540662375, -0.3039017134487173, -0.12794104965330663, -0.04122410047423933]
    ],
    "reference_frame_idx": 0

} 