{
    "point_cloud_path": [   
        "ply_16-55-25.ply",     
        "ply_16-56-50.ply",
        "ply_16-59-48.ply",
        "ply_17-04-13.ply",
        "ply_17-06-26.ply"
    ],
    "flange_pose_quaternion": [        
            [0.77091, -0.32981, 1.1394, 0.55478, 0.63184, -0.37236, 0.39287],
            [0.96867, 0, 1.1392, -0.049459, 0.83943, 0.011262, 0.5411],
            [0.43708, -0.0070556, 1.1242, 0.0074872, 0.50226, -0.034255, 0.864],
            [0.76318, -0.055679, 1.1599, 0.4752, 0.51286, -0.50513, 0.50597],
            [0.68108, 0.16445, 1.0767, 0.3421, 0.41965, -0.55736, 0.62945]
    ],
    "cam2flange_mat": [        
            [ 0.25081023,  0.00696903,  0.96801119, 0.13317155],
            [ 0.96802447, -0.00674337, -0.25076513, 0.10962645],
            [ 0.00478006,  0.99995298, -0.0084375, -0.03679803],
            [ 0.0,         0.0,        0.0,        1.0    ]
    ],
    "reference_frame_idx": 0

} 
