{
    "point_cloud_path": [
        "pc1.ply",
        "pc2.ply"
    ],
    "flange_mats": [        
        [
            [  0.0057092, -0.8347100, -0.5506602, 393.614 ],
            [ -0.9898849, -0.0827807,  0.1152189, -1078.22],
            [ -0.1417584,  0.5444324, -0.8267394, 664.716 ],
            [  0.0,        0.0,        0.0,       1.0     ]
        ],
        [
            [ -0.0889980, -0.2700987, -0.9587106, 602.496 ],
            [ -0.9898849, -0.0827849,  0.1152151, -1017.967],
            [ -0.1104862,  0.9592671, -0.2599989, 307.586 ],
            [  0.0,        0.0,        0.0,       1.0     ]
        ]     
    ],
    "cam2flange_mat": [        
            [ 0.00605313,  0.99994077,  0.00904548, 31.01836],
            [-0.98905888,  0.00732009, -0.14733954, 79.79735],
            [-0.14739703, -0.00805465,  0.98904461, 136.38125],
            [ 0.0,         0.0,         0.0,        1.0       ]
    ],
    "reference_frame_idx": 0

} 
