{
    "point_cloud_path": [
        "test1.ply",
        "test2.ply",
        "pc1.ply",
        "pc2.ply"
    ],
    "flange_mats": [        
            [
                [  0.1329210, -0.9907585,  0.0270087, 21.362  ],
                [ -0.9908652, -0.1334625, -0.0193385, -964.751],
                [  0.0227644, -0.0241915, -0.9994481, 742.31  ],
                [  0.0,        0.0,        0.0,       1.0     ]
            ],
            [
                [  0.1329181, -0.9907588,  0.0270133, 49.358  ],
                [ -0.9908654, -0.1334599, -0.0193453, -964.751],
                [  0.0227718, -0.0241952, -0.9994479, 742.314 ],
                [  0.0,        0.0,        0.0,       1.0     ]
            ],
            [
                [  0.0057092, -0.8347100, -0.5506602, 393.614 ],
                [ -0.9898849, -0.0827807,  0.1152189, -1078.22],
                [ -0.1417584,  0.5444324, -0.8267394, 664.716 ],
                [  0.0,        0.0,        0.0,       1.0     ]
            ],
            [
                [ -0.0889980, -0.2700987, -0.9587106, 602.496 ],
                [ -0.9898849, -0.0827849,  0.1152151, -1017.967],
                [ -0.1104862,  0.9592671, -0.2599989, 307.586 ],
                [  0.0,        0.0,        0.0,       1.0     ]
            ]     
    ],
    "cam2flange_mat": [        
            [ 0.0027863,   0.99996328,  0.00810411, 31.72906],
            [-0.98893223,  0.00405803, -0.14832828, 80.28658],
            [-0.14835746, -0.00821169,  0.98889971, 136.77521],
            [ 0.0,         0.0,         0.0,        1.0       ]
    ],
    "reference_frame_idx": 0

} 
