{
    "point_cloud_path": [
        "test1.ply",
        "test2.ply",
        "pc1.ply",
        "pc2.ply"
    ],
    "flange_mats": [        
            [
                [  0.1329210, -0.9907585,  0.0270087, 21.362  ],
                [ -0.9908652, -0.1334625, -0.0193385, -964.751],
                [  0.0227644, -0.0241915, -0.9994481, 742.31  ],
                [  0.0,        0.0,        0.0,       1.0     ]
            ],
            [
                [  0.1329181, -0.9907588,  0.0270133, 49.358  ],
                [ -0.9908654, -0.1334599, -0.0193453, -964.751],
                [  0.0227718, -0.0241952, -0.9994479, 742.314 ],
                [  0.0,        0.0,        0.0,       1.0     ]
            ]
    ],
    "cam2flange_mat": [        
            [ 0.00605313,  0.99994077,  0.00904548, 31.01836],
            [-0.98905888,  0.00732009, -0.14733954, 79.79735],
            [-0.14739703, -0.00805465,  0.98904461, 136.38125],
            [ 0.0,         0.0,         0.0,        1.0       ]
    ],
    "reference_frame_idx": 0

} 
