{
    "point_cloud_path": [
        "test1.ply",
        "test2.ply",
        "pc1.ply",
        "pc2.ply"
    ],
    "ext_mat": [        
            [-0.9913764596,-0.0054370649,0.1309320778, 0.0699977651],
            [-0.0050541167, 0.9999819398,0.0032569151, -0.0516049005],
            [-0.1309474111, 0.0025670829, -0.9913859963, 0.5120770335],
            [ 0.0,         0.0,         0.0,        1.0       ]
    ],
    "flange_mats": [        
            [
                [  0.1329210, -0.9907585,  0.0270087, 21.362  ],
                [ -0.9908652, -0.1334625, -0.0193385, -964.751],
                [  0.0227644, -0.0241915, -0.9994481, 742.31  ],
                [  0.0,        0.0,        0.0,       1.0     ]
            ],
            [
                [  0.1329181, -0.9907588,  0.0270133, 49.358  ],
                [ -0.9908654, -0.1334599, -0.0193453, -964.751],
                [  0.0227718, -0.0241952, -0.9994479, 742.314 ],
                [  0.0,        0.0,        0.0,       1.0     ]
            ],
            [
                [  0.0057092, -0.8347100, -0.5506602, 393.614 ],
                [ -0.9898849, -0.0827807,  0.1152189, -1078.22],
                [ -0.1417584,  0.5444324, -0.8267394, 664.716 ],
                [  0.0,        0.0,        0.0,       1.0     ]
            ],
            [
                [ -0.0889980, -0.2700987, -0.9587106, 602.496 ],
                [ -0.9898849, -0.0827849,  0.1152151, -1017.967],
                [ -0.1104862,  0.9592671, -0.2599989, 307.586 ],
                [  0.0,        0.0,        0.0,       1.0     ]
            ]     
    ],
    "cam2flange_mat": [        
            [-0.00374687,  0.999936,   0.0106355,  1.51558],
            [-0.989383,   -0.0021617, -0.145318,   7.95859],
            [-0.145286,   -0.011067,   0.989328,   194.249],
            [ 0.0,         0.0,        0.0,        1.0    ]
    ],
    "reference_frame_idx": 0

} 
