{
    "point_cloud_path": [   
        "ply_18-53-36.ply", "ply_19-09-24.ply", "ply_19-23-05.ply", "ply_19-31-05.ply", "ply_19-39-14.ply", "ply_19-46-47.ply"
    ],
    "flange_pose_quaternion": [        
        [0.6807048889083127, 0.1880334876234044, 1.1712027763450696, 0.3656767003079450, 0.3981874452663681, -0.5205546093838458, 0.6608707951887178],
        [0.5420846353351662, -0.1138629027562370, 1.1177544524750487, 0.0315939494922597, 0.5399611968137666, -0.0205956791102804, 0.8408445434757317],
        [0.6334522031421925, 0.1822970485516608, 1.1560710911065630, -0.2166127893425683, 0.5690881429393746, -0.1254837582868525, 0.7832441582707482],
        [0.9510757684715810, -0.2302976006058042, 1.1209080503907798, 0.3816411858032819, 0.7338611468794681, -0.2692980669880453, 0.4932305480360262],
        [0.9177165127330149, -0.0280682177099511, 1.1712045332437242, -0.1575706988288647, 0.7268567509796598, 0.3044053119204078, 0.5951370804281271],
        [0.8973243017839432, 0.1508690355496742, 1.1544402461813628, -0.2651457329367563, 0.7486217182805017, 0.1267555619247672, 0.5943031976569838]
    ],
    "cam2flange_mat": [        
        [ 0.2700891, -0.0014545,  0.9628342, 0.13561461],
        [ 0.9627163,  0.0161324, -0.2700317, 0.11234608],
        [-0.0151400,  0.9998688,  0.0057574,-0.03856858],
        [ 0.0,         0.0,        0.0,        1.0    ]        
    ],
    "reference_frame_idx": 0

} 
