{
    "point_cloud_path": [   
        "ply_12-37-21.ply" , "ply_12-37-27.ply" , "ply_12-37-33.ply" , "ply_12-37-40.ply" , "ply_12-37-48.ply" , "ply_12-37-55.ply" , "ply_12-38-01.ply" , "ply_12-38-06.ply" , "ply_12-38-12.ply" , "ply_12-38-18.ply" , "ply_12-38-24.ply" , "ply_12-38-29.ply" , "ply_12-38-36.ply" , "ply_12-38-46.ply" , "ply_12-38-52.ply" , "ply_12-38-59.ply" , "ply_12-39-07.ply" , "ply_12-39-13.ply" , "ply_12-39-19.ply" , "ply_12-39-27.ply"
    ],
    "sensor_pose_quaternion": [        
        [0.493971, 0.328512, 0.884495, 0.678663, 0.681378, 0.031472, 0.272305],
        [0.476002, 0.517330, 0.807767, 0.678366, 0.651827, -0.036908, 0.337014],
        [0.331861, 0.522325, 0.739129, 0.680448, 0.601936, 0.039411, 0.416065],
        [0.223646, 0.205150, 0.771579, 0.650927, 0.640952, 0.209086, 0.348937],
        [0.392837, 0.054193, 0.973799, 0.667156, 0.709451, 0.129106, 0.186853],
        [0.346976, -0.164211, 1.015358, 0.657974, 0.703555, 0.172726, 0.205540],
        [0.438543, -0.438959, 0.986572, 0.667483, 0.716899, 0.125896, 0.157073],
        [0.522088, -0.552830, 0.975718, 0.651788, 0.732792, 0.190266, 0.044578],
        [0.555697, -0.602515, 0.963352, 0.634609, 0.727405, 0.240766, -0.100918],
        [0.270320, -0.628305, 0.809442, 0.574634, 0.718198, 0.368881, 0.133846],
        [0.433699, -0.925869, 0.650012, 0.337628, 0.725578, 0.598851, -0.030373],
        [0.332484, -0.930733, 0.534544, 0.228906, 0.703668, 0.658657, 0.136472],
        [0.109336, -0.347775, 0.392753, 0.524766, 0.465316, 0.465613, 0.539729],
        [0.866749, -0.401561, 0.991591, 0.678438, 0.708971, 0.057112, -0.183901],
        [0.966340, -0.677236, 0.802142, 0.675904, 0.627142, 0.103261, -0.373074],
        [0.971993, -0.895699, 0.391870, -0.700657, -0.307942, 0.054265, 0.641333],
        [1.312116, -0.247975, 0.691967, 0.551781, 0.576805, -0.439340, -0.412086],
        [1.059377, -0.073485, 0.982925, 0.630129, 0.712854, -0.275640, -0.137112],
        [0.777823, 0.173630, 1.013699, 0.675412, 0.728344, -0.072680, 0.089727],
        [0.738533, 0.665899, 0.804071, 0.634483, 0.679035, -0.242549, 0.278412]
    ],
    "cam2flange_mat": [        
        [ 0.2700891, -0.0014545,  0.9628342, 0.13561461],
        [ 0.9627163,  0.0161324, -0.2700317, 0.11234608],
        [-0.0151400,  0.9998688,  0.0057574,-0.03856858],
        [ 0,          0,          0,         1         ]
    ],
    "reference_frame_idx": 0

} 
