{
    "point_cloud_path": [        
        "pc1.ply",
        "pc2.ply"
    ],
    "ext_mat": [        
            [-0.9913764596,-0.0054370649,0.1309320778, 0.0699977651],
            [-0.0050541167, 0.9999819398,0.0032569151, -0.0516049005],
            [-0.1309474111, 0.0025670829, -0.9913859963, 0.5120770335],
            [ 0.0,         0.0,         0.0,        1.0       ]
    ],
    "flange_pose_euler": [        
            [ 393.614, -1078.22, 664.716, 146.633911, 8.149609, -89.669548],
            [ 602.496, -1017.967, 307.586, 105.165054, 6.343343, -95.137505]
    ],
    "cam2flange_mat": [        
            [-0.00374687,  0.999936,   0.0106355,  1.51558],
            [-0.989383,   -0.0021617, -0.145318,   79.5859],
            [-0.145286,   -0.011067,   0.989328,   194.249],
            [ 0.0,         0.0,        0.0,        1.0    ]
    ],
    "reference_frame_idx": 0

} 
