{
    "point_cloud_path": [        
        "ply_13-18-59.ply",
        "ply_13-19-08.ply"
    ],
    "camera_pose": [
        [1.1323, 0.08493, 0.77455, 0.684578, 0.644008, -0.310239, -0.14268],
        [0.94105, -0.24036, 0.79717, 0.966947, 0.0788368, -0.13507, -0.201379]
    ],
    "reference_frame_idx": 0

} 